version,relpath
3.1.1,./machines/qemu/qemux86-64/bzImage-qemux86-64.bin
3.1.1,./machines/qemu/qemux86-64/core-image-minimal-dev-qemux86-64.ext4
3.1.1,./machines/qemu/qemux86-64/core-image-minimal-dev-qemux86-64.manifest
3.1.1,./machines/qemu/qemux86-64/core-image-minimal-dev-qemux86-64.qemuboot.conf
3.1.1,./machines/qemu/qemux86-64/core-image-minimal-dev-qemux86-64.tar.bz2
3.1.1,./machines/qemu/qemux86-64/core-image-minimal-dev-qemux86-64.testdata.json
3.1.1,./machines/qemu/qemux86-64/core-image-minimal-qemux86-64.ext4
3.1.1,./machines/qemu/qemux86-64/core-image-minimal-qemux86-64.manifest
3.1.1,./machines/qemu/qemux86-64/core-image-minimal-qemux86-64.qemuboot.conf
3.1.1,./machines/qemu/qemux86-64/core-image-minimal-qemux86-64.tar.bz2
3.1.1,./machines/qemu/qemux86-64/core-image-minimal-qemux86-64.testdata.json
3.1.1,./machines/qemu/qemux86-64/core-image-sato-dev-qemux86-64.ext4
3.1.1,./machines/qemu/qemux86-64/core-image-sato-dev-qemux86-64.manifest
3.1.1,./machines/qemu/qemux86-64/core-image-sato-dev-qemux86-64.qemuboot.conf
3.1.1,./machines/qemu/qemux86-64/core-image-sato-dev-qemux86-64.tar.bz2
3.1.1,./machines/qemu/qemux86-64/core-image-sato-dev-qemux86-64.testdata.json
3.1.1,./machines/qemu/qemux86-64/core-image-sato-qemux86-64.ext4
3.1.1,./machines/qemu/qemux86-64/core-image-sato-qemux86-64.manifest
3.1.1,./machines/qemu/qemux86-64/core-image-sato-qemux86-64.qemuboot.conf
3.1.1,./machines/qemu/qemux86-64/core-image-sato-qemux86-64.tar.bz2
3.1.1,./machines/qemu/qemux86-64/core-image-sato-qemux86-64.testdata.json
3.1.1,./machines/qemu/qemux86-64/core-image-sato-sdk-ptest-qemux86-64.ext4
3.1.1,./machines/qemu/qemux86-64/core-image-sato-sdk-ptest-qemux86-64.manifest
3.1.1,./machines/qemu/qemux86-64/core-image-sato-sdk-ptest-qemux86-64.qemuboot.conf
3.1.1,./machines/qemu/qemux86-64/core-image-sato-sdk-ptest-qemux86-64.tar.bz2
3.1.1,./machines/qemu/qemux86-64/core-image-sato-sdk-ptest-qemux86-64.testdata.json
3.1.1,./machines/qemu/qemux86-64/core-image-sato-sdk-qemux86-64.ext4
3.1.1,./machines/qemu/qemux86-64/core-image-sato-sdk-qemux86-64.manifest
3.1.1,./machines/qemu/qemux86-64/core-image-sato-sdk-qemux86-64.qemuboot.conf
3.1.1,./machines/qemu/qemux86-64/core-image-sato-sdk-qemux86-64.tar.bz2
3.1.1,./machines/qemu/qemux86-64/core-image-sato-sdk-qemux86-64.testdata.json
